{
  "random_forest": {
    "train": {
      "accuracy": 1.0,
      "precision": 1.0,
      "recall": 1.0,
      "f1_score": 1.0,
      "auc": 1.0
    },
    "val": {
      "accuracy": 0.9,
      "precision": 0.9,
      "recall": 0.9,
      "f1_score": 0.9,
      "auc": 0.9333333333333333
    },
    "test": {
      "accuracy": 0.8974358974358975,
      "precision": 0.8974358974358975,
      "recall": 0.8974358974358975,
      "f1_score": 0.8974358974358975,
      "auc": 0.9551724137931035
    }
  },
  "xgboost": {
    "train": {
      "accuracy": 1.0,
      "precision": 1.0,
      "recall": 1.0,
      "f1_score": 1.0,
      "auc": 1.0
    },
    "val": {
      "accuracy": 0.85,
      "precision": 0.8630952380952381,
      "recall": 0.85,
      "f1_score": 0.85423197492163,
      "auc": 0.9600000000000001
    },
    "test": {
      "accuracy": 0.9487179487179487,
      "precision": 0.9487179487179487,
      "recall": 0.9487179487179487,
      "f1_score": 0.9487179487179487,
      "auc": 0.9551724137931035
    }
  },
  "mlp": {
    "train": {
      "accuracy": 1.0,
      "precision": 1.0,
      "recall": 1.0,
      "f1_score": 1.0,
      "auc": 1.0
    },
    "val": {
      "accuracy": 0.85,
      "precision": 0.84375,
      "recall": 0.85,
      "f1_score": 0.8440860215053764,
      "auc": 0.84
    },
    "test": {
      "accuracy": 0.9487179487179487,
      "precision": 0.9487179487179487,
      "recall": 0.9487179487179487,
      "f1_score": 0.9487179487179487,
      "auc": 0.9344827586206896
    }
  }
}